{"cameraMode":{"drawMode":0,"name":"Shaded","section":"Shading Mode"},"sceneLighting":false,"audioPlay":false,"sceneViewState":{"m_AlwaysRefresh":false,"showFog":true,"showSkybox":true,"showFlares":true,"showImageEffects":true,"showParticleSystems":true,"showVisualEffectGraphs":true,"m_FxEnabled":false},"in2DMode":false,"pivot":{"x":552.5684814453125,"y":487.37847900390627,"z":-20.579580307006837},"rotation":{"x":0.0488780178129673,"y":0.004494654014706612,"z":-0.00021987863874528557,"w":0.9987963438034058},"size":487.5771179199219,"orthographic":false}